{
  "project_info": {
    "project_number": "744143545247",
    "project_id": "telyucreative",
    "storage_bucket": "telyucreative.appspot.com"
  },
  "client": [
    {
      "client_info": {
        "mobilesdk_app_id": "1:744143545247:android:58ee6e879da07227e193aa",
        "android_client_info": {
          "package_name": "org.brainless.telyucreative"
        }
      },
      "oauth_client": [
        {
          "client_id": "744143545247-nvkcgen756kcfidh5is02v0lvpo0aadf.apps.googleusercontent.com",
          "client_type": 1,
          "android_info": {
            "package_name": "org.brainless.telyucreative",
            "certificate_hash": "44f4d87ec8df04aabe4627f453762b67593f8512"
          }
        },
        {
          "client_id": "744143545247-gkr8ru6dr4osjfcl8jsers5tvoms5vj6.apps.googleusercontent.com",
          "client_type": 3
        }
      ],
      "api_key": [
        {
          "current_key": "AIzaSyBZ4mmh89BF_M5WUU4WjWmuYmz61hpf2E0"
        }
      ],
      "services": {
        "appinvite_service": {
          "other_platform_oauth_client": [
            {
              "client_id": "744143545247-gkr8ru6dr4osjfcl8jsers5tvoms5vj6.apps.googleusercontent.com",
              "client_type": 3
            }
          ]
        }
      }
    }
  ],
  "configuration_version": "1"
}